Filename,True Label,Predicted Label
others_101.wav,others,others
others_102.wav,others,others
others_103.wav,others,others
others_104.wav,others,others
others_105.wav,others,others
others_106.wav,others,others
others_107.wav,others,others
others_108.wav,others,others
others_109.wav,others,others
others_110.wav,others,others
others_111.wav,others,others
others_112.wav,others,others
others_113.wav,others,others
others_114.wav,others,others
others_115.wav,others,others
others_116.wav,others,others
others_117.wav,others,others
others_118.wav,others,others
others_119.wav,others,others
others_120.wav,others,others
others_121.wav,others,others
others_122.wav,others,others
others_123.wav,others,others
others_124.wav,others,others
others_125.wav,others,others
others_126.wav,others,others
others_127.wav,others,others
others_128.wav,others,others
others_129.wav,others,others
others_130.wav,others,others
water_shower_1.wav,water,water
water_shower_10.wav,water,water
water_shower_11.wav,water,water
water_shower_12.wav,water,water
water_shower_13.wav,water,water
water_shower_14.wav,water,water
water_shower_15.wav,water,water
water_shower_16.wav,water,water
water_shower_17.wav,water,water
water_shower_18.wav,water,water
water_shower_19.wav,water,water
water_shower_2.wav,water,water
water_shower_20.wav,water,water
water_shower_21.wav,water,water
water_shower_22.wav,water,water
water_shower_23.wav,water,water
water_shower_24.wav,water,water
water_shower_25.wav,water,others
water_shower_3.wav,water,water
water_shower_4.wav,water,water
water_shower_5.wav,water,water
water_shower_6.wav,water,water
water_shower_7.wav,water,water
water_shower_8.wav,water,water
water_shower_9.wav,water,water
water_toilet_1.wav,water,water
water_toilet_10.wav,water,water
water_toilet_11.wav,water,water
water_toilet_12.wav,water,water
water_toilet_13.wav,water,water
